Vedant,123%Garage%196f5a6f-a90c-4954-a26b-3431babe1aec_thermostat,eded%Kitchen%834deb09-68d7-4f56-b7d2-70e87f8c2c54_thermostat,Bedroom_01%Bedroom%ce123979-a168-42ce-8266-29d4296b77e7_cctv
Gigi,Bedroom_01%Bedroom%d082b653-33a9-4ae3-a7b9-c5856c0d796d_bulb%f0b9b35f-97eb-4363-add8-6b30560ccc5e_thermostat,Bathroom_01%Bathroom%fb4619c7-4f66-467f-b2ce-41ce62420e44_cctv%8b4e9f03-e9a6-4c5c-8f65-052e37545955_bulb,Garage_01%Garage%3a89118d-0567-4f45-a662-894fb979eaad_oven%13401679-e45f-498a-8976-41fd34a856de_fridge
Hella,123%Bathroom%3e9e7a4d-3569-4c55-83cc-960dd78cab5a_oven%772fca98-6f9b-4c85-8dfe-a494e2d8686d_fridge%2d7cc566-726e-4a1a-9985-e02cdd53e7fb_bulb,34%Garage%7c548275-8bbb-4461-bd5d-da7101f228f4_oven%b2d1ade1-214f-4dab-8b6d-5414438f2c52_thermostat%9691509c-f938-4545-9d22-28e4b3673549_bulb,123456%Kitchen%defd12f4-d0d2-4fed-8b89-29c27a4ae4f6_bulb,223%Bathroom
Test,123%LivingRoom%c4d7e846-a72e-49f1-85aa-0a9b6524a9fa_bulb%338613e5-c2c5-490e-8485-e26e776178b7_thermostat%109230cd-2a8f-45c4-a36e-61508839aac1_oven%6dee10ac-e8e6-4d91-846a-fb73a25525c3_fridge%a48c9ddc-8185-4fba-b97c-4b1b4579e2c5_cctv
Hello,1212%LivingRoom%4d5339d3-83a9-4ad5-90dc-59fba241e6a7_cctv
Test1,LivingRoom_01%LivingRoom%6a5d9dce-9dcf-4d43-9296-b07d668e13b1_thermostat%1f40d6a9-58e8-4908-8414-8e9b15fbd49d_fridge,Kitchen_01%Kitchen%b95e92b8-444d-46a8-bb0b-ab46aadf3148_fridge
